[
  {
    "id": 1,
    "name": "Race Demo",
    "raceDate": "09-05-2024",
    "raceStart": "1000",
    "legs": ["1", "2", "3"],
    "users": {
      "drivers": ["1", "2", "3", "4", "1", "2", "3", "4"],
      "racers": ["2", "4", "1", "2", "3", "4"],
      "judges": ["4", "2", "1", "2", "3", "4", "2"]
    }
  },
  {
    "id": 2,
    "name": "extrra",
    "raceDate": "09-05-4645",
    "raceStart": "3000",
    "legs": ["2", "3"],
    "users": {
      "drivers": ["1", "2", "3", "4", "1", "2", "3", "4"],
      "racers": ["2", "4", "1", "2", "3", "4"],
      "judges": ["4", "2", "1", "2", "3", "4", "2"]
    }
  }
]
